{
    "type": "minecraft:crafting_shaped",
    "pattern": [
      " I ",
      "IXI",
      " I "
    ],
    "key": {
      "X": {
        "item": "minecraft:iron_block"
      },
      "I": {
        "item": "minecraft:iron_ingot"
      }
    },
    "result": {
      "item": "tetra:holo",
      "count": 1,
      "nbt": {
        "id": "9503de92-046c-4d61-8afe-8c0d71c6afae",
        "holo/core": "holo/core",
        "holo/core_material": "core/dim",
        "holo/frame": "holo/frame",
        "holo/frame_material": "frame/ancient"
      }
    }
}